HandType,PlayerTotal,DealerCard,EV_Stand,EV_Hit,EV_Double,OptimalMove
Hard,5,2,-0.287918,-0.286478,-0.576072,H
Hard,5,3,-0.246146,-0.24593,-0.491672,H
Hard,5,4,-0.207372,-0.20618,-0.413172,H
Hard,5,5,-0.163172,-0.165402,-0.33068,S
Hard,5,6,-0.121762,-0.121498,-0.242788,H
Hard,5,7,-0.475278,-0.47547,-0.94842,S
Hard,5,8,-0.509418,-0.50854,-1.02312,H
Hard,5,9,-0.541058,-0.54167,-1.08394,S
Hard,5,10,-0.57469,-0.574546,-1.15112,H
Hard,5,11,-0.722346,-0.722432,-1.44166,S
Hard,6,2,-0.28767,-0.277731,-0.555722,H
Hard,6,3,-0.246302,-0.235884,-0.47352,H
Hard,6,4,-0.205794,-0.196357,-0.396248,H
Hard,6,5,-0.164644,-0.154298,-0.312876,H
Hard,6,6,-0.12054,-0.113406,-0.22522,H
Hard,6,7,-0.474688,-0.446348,-0.890252,H
Hard,6,8,-0.509504,-0.501476,-0.99916,H
Hard,6,9,-0.544316,-0.533722,-1.06579,H
Hard,6,10,-0.57529,-0.56569,-1.13396,H
Hard,6,11,-0.721716,-0.716899,-1.43501,H
Hard,7,2,-0.286128,-0.215442,-0.438302,H
Hard,7,3,-0.246346,-0.179391,-0.358136,H
Hard,7,4,-0.20737,-0.140317,-0.279112,H
Hard,7,5,-0.165346,-0.101527,-0.20175,H
Hard,7,6,-0.122088,-0.060403,-0.120884,H
Hard,7,7,-0.473136,-0.294779,-0.58904,H
Hard,7,8,-0.511122,-0.424661,-0.847296,H
Hard,7,9,-0.540754,-0.476489,-0.956902,H
Hard,7,10,-0.575058,-0.514717,-1.03084,H
Hard,7,11,-0.721838,-0.683553,-1.36622,H
Hard,8,2,-0.287014,-0.102837,-0.205514,H
Hard,8,3,-0.246314,-0.070322,-0.139016,H
Hard,8,4,-0.207124,-0.035136,-0.068144,H
Hard,8,5,-0.164146,0.000748,0.001596,D
Hard,8,6,-0.121082,0.037465,0.072416,D
Hard,8,7,-0.474546,-0.094089,-0.188632,H
Hard,8,8,-0.509514,-0.225054,-0.45414,H
Hard,8,9,-0.541518,-0.357945,-0.716462,H
Hard,8,10,-0.574744,-0.419061,-0.839164,H
Hard,8,11,-0.721138,-0.594519,-1.1893,H
Hard,9,2,-0.286108,0.029003,0.055548,D
Hard,9,3,-0.247604,0.059988,0.114744,D
Hard,9,4,-0.205672,0.090249,0.179008,D
Hard,9,5,-0.165996,0.120932,0.24169,D
Hard,9,6,-0.12112,0.153017,0.302642,D
Hard,9,7,-0.474104,0.052377,0.099852,D
Hard,9,8,-0.510578,-0.016032,-0.026934,H
Hard,9,9,-0.542468,-0.149451,-0.302136,H
Hard,9,10,-0.57428,-0.290866,-0.580536,H
Hard,9,11,-0.72102,-0.466055,-0.930358,H
Hard,10,2,-0.287946,0.177909,0.35824,D
Hard,10,3,-0.246872,0.204114,0.410254,D
Hard,10,4,-0.206044,0.229921,0.45919,D
Hard,10,5,-0.164432,0.256293,0.512374,D
Hard,10,6,-0.121196,0.282754,0.565134,D
Hard,10,7,-0.473562,0.194989,0.3914,D
Hard,10,8,-0.511862,0.142873,0.283642,D
Hard,10,9,-0.541466,0.071851,0.141592,D
Hard,10,10,-0.574576,-0.07469,-0.148708,H
Hard,10,11,-0.72099,-0.295967,-0.590078,H
Hard,11,2,-0.287042,0.235439,0.470368,D
Hard,11,3,-0.24586,0.26018,0.516454,D
Hard,11,4,-0.20697,0.28432,0.567282,D
Hard,11,5,-0.165018,0.308391,0.616932,D
Hard,11,6,-0.12269,0.333453,0.664766,D
Hard,11,7,-0.474932,0.231515,0.461666,D
Hard,11,8,-0.509944,0.175375,0.34961,D
Hard,11,9,-0.54224,0.112815,0.226698,D
Hard,11,10,-0.574762,0.030091,0.057632,D
Hard,11,11,-0.721542,-0.177357,-0.354744,H
Hard,12,2,-0.28613,-0.252054,-0.508562,H
Hard,12,3,-0.246592,-0.232879,-0.465644,H
Hard,12,4,-0.206736,-0.211791,-0.423534,S
Hard,12,5,-0.165618,-0.191318,-0.381626,S
Hard,12,6,-0.122846,-0.171239,-0.342844,S
Hard,12,7,-0.473848,-0.250134,-0.499192,H
Hard,12,8,-0.50988,-0.306701,-0.615512,H
Hard,12,9,-0.542634,-0.367066,-0.735984,H
Hard,12,10,-0.573626,-0.438269,-0.876766,H
Hard,12,11,-0.721178,-0.574137,-1.14781,H
Hard,13,2,-0.286888,-0.307955,-0.61469,S
Hard,13,3,-0.247222,-0.290625,-0.584708,S
Hard,13,4,-0.207416,-0.272645,-0.546902,S
Hard,13,5,-0.165872,-0.256388,-0.50884,S
Hard,13,6,-0.121538,-0.239422,-0.477976,S
Hard,13,7,-0.474914,-0.292055,-0.585754,H
Hard,13,8,-0.508452,-0.342754,-0.689614,H
Hard,13,9,-0.541436,-0.40153,-0.804882,H
Hard,13,10,-0.574312,-0.469324,-0.940312,H
Hard,13,11,-0.721386,-0.594599,-1.19102,H
Hard,14,2,-0.286956,-0.363039,-0.72519,S
Hard,14,3,-0.248032,-0.349875,-0.69599,S
Hard,14,4,-0.206242,-0.334409,-0.66883,S
Hard,14,5,-0.164462,-0.319793,-0.640686,S
Hard,14,6,-0.121818,-0.306121,-0.610856,S
Hard,14,7,-0.475598,-0.332612,-0.665934,H
Hard,14,8,-0.511522,-0.381638,-0.762838,H
Hard,14,9,-0.541494,-0.438712,-0.875256,H
Hard,14,10,-0.574396,-0.503109,-1.00453,H
Hard,14,11,-0.721728,-0.615374,-1.23383,H
Hard,15,2,-0.287164,-0.416995,-0.832212,S
Hard,15,3,-0.24707,-0.408967,-0.80973,S
Hard,15,4,-0.207718,-0.396746,-0.791416,S
Hard,15,5,-0.165088,-0.38482,-0.769664,S
Hard,15,6,-0.121244,-0.371899,-0.746934,S
Hard,15,7,-0.473874,-0.37347,-0.744506,H
Hard,15,8,-0.509084,-0.420535,-0.840694,H
Hard,15,9,-0.541918,-0.473489,-0.944746,H
Hard,15,10,-0.575056,-0.535632,-1.074,H
Hard,15,11,-0.722138,-0.636683,-1.27453,H
Hard,16,2,-0.287708,-0.470986,-0.94093,S
Hard,16,3,-0.248026,-0.464061,-0.926548,S
Hard,16,4,-0.206964,-0.456528,-0.91287,S
Hard,16,5,-0.162304,-0.450377,-0.89857,S
Hard,16,6,-0.122788,-0.441495,-0.880906,S
Hard,16,7,-0.474214,-0.414012,-0.825492,H
Hard,16,8,-0.509264,-0.456669,-0.912536,H
Hard,16,9,-0.541612,-0.506834,-1.01664,H
Hard,16,10,-0.576148,-0.56955,-1.13519,H
Hard,16,11,-0.72124,-0.658498,-1.31451,H
Hard,17,2,-0.156798,-0.537163,-1.07205,S
Hard,17,3,-0.121968,-0.53225,-1.06384,S
Hard,17,4,-0.085143,-0.527062,-1.05779,S
Hard,17,5,-0.047277,-0.523021,-1.04207,S
Hard,17,6,-0.007229,-0.518687,-1.03513,S
Hard,17,7,-0.108127,-0.481368,-0.963586,S
Hard,17,8,-0.38034,-0.504575,-1.00707,S
Hard,17,9,-0.424677,-0.552073,-1.10392,S
Hard,17,10,-0.46247,-0.609217,-1.21937,S
Hard,17,11,-0.664681,-0.684382,-1.36755,S
Hard,18,2,0.108633,-0.621393,-1.24294,S
Hard,18,3,0.136015,-0.61947,-1.23827,S
Hard,18,4,0.164587,-0.616859,-1.23193,S
Hard,18,5,0.193433,-0.613607,-1.22862,S
Hard,18,6,0.223457,-0.612134,-1.22383,S
Hard,18,7,0.398723,-0.589831,-1.17868,S
Hard,18,8,0.105648,-0.589981,-1.17911,S
Hard,18,9,-0.183264,-0.615471,-1.22859,S
Hard,18,10,-0.240108,-0.667869,-1.33482,S
Hard,18,11,-0.463757,-0.725454,-1.44963,S
Hard,19,2,0.378062,-0.72799,-1.45582,S
Hard,19,3,0.39745,-0.727738,-1.45392,S
Hard,19,4,0.41623,-0.725432,-1.45194,S
Hard,19,5,0.435644,-0.725371,-1.4492,S
Hard,19,6,0.452036,-0.723349,-1.44747,S
Hard,19,7,0.615788,-0.714211,-1.42837,S
Hard,19,8,0.593231,-0.713084,-1.42703,S
Hard,19,9,0.288105,-0.714864,-1.42926,S
Hard,19,10,-0.01772,-0.743511,-1.48669,S
Hard,19,11,-0.17785,-0.788288,-1.57882,S
Hard,20,2,0.63431,-0.85405,-1.70852,S
Hard,20,3,0.644663,-0.854031,-1.70791,S
Hard,20,4,0.656172,-0.853703,-1.70673,S
Hard,20,5,0.669339,-0.853593,-1.70689,S
Hard,20,6,0.678799,-0.853092,-1.7066,S
Hard,20,7,0.772906,-0.851558,-1.7033,S
Hard,20,8,0.791155,-0.850759,-1.70099,S
Hard,20,9,0.758255,-0.8505,-1.70015,S
Hard,20,10,0.435113,-0.854076,-1.70756,S
Hard,20,11,0.110477,-0.87432,-1.74846,S
Hard,21,2,0.880223,-1,-2,S
Hard,21,3,0.883367,-1,-2,S
Hard,21,4,0.887074,-1,-2,S
Hard,21,5,0.891002,-1,-2,S
Hard,21,6,0.893829,-1,-2,S
Hard,21,7,0.926371,-1,-2,S
Hard,21,8,0.930044,-1,-2,S
Hard,21,9,0.939308,-1,-2,S
Hard,21,10,0.888277,-1,-2,S
Hard,21,11,0.626127,-1,-2,S
Soft,13,2,-0.287784,-0.036523,-0.07142,H
Soft,13,3,-0.247704,-0.003648,-0.006314,H
Soft,13,4,-0.20554,0.030219,0.0639,D
Soft,13,5,-0.16543,0.062217,0.127968,D
Soft,13,6,-0.12188,0.096815,0.195502,D
Soft,13,7,-0.47441,-0.092411,-0.17984,H
Soft,13,8,-0.509976,-0.156693,-0.31532,H
Soft,13,9,-0.542726,-0.225654,-0.453732,H
Soft,13,10,-0.575196,-0.307432,-0.616956,H
Soft,13,11,-0.72116,-0.488644,-0.976206,H
Soft,14,2,-0.285318,-0.03443,-0.070504,H
Soft,14,3,-0.247146,-0.004585,-0.007094,H
Soft,14,4,-0.207306,0.031062,0.055206,D
Soft,14,5,-0.164088,0.063787,0.128988,D
Soft,14,6,-0.121264,0.097082,0.192034,D
Soft,14,7,-0.47633,-0.090689,-0.18116,H
Soft,14,8,-0.5093,-0.157236,-0.312656,H
Soft,14,9,-0.544034,-0.22672,-0.453068,H
Soft,14,10,-0.574808,-0.308707,-0.616866,H
Soft,14,11,-0.720402,-0.488364,-0.976152,H
Soft,15,2,-0.287846,-0.035322,-0.067954,H
Soft,15,3,-0.246208,-0.002683,-0.004266,H
Soft,15,4,-0.206882,0.030953,0.058124,D
Soft,15,5,-0.164916,0.063684,0.12557,D
Soft,15,6,-0.122104,0.098439,0.193296,D
Soft,15,7,-0.474574,-0.092337,-0.182322,H
Soft,15,8,-0.509906,-0.155737,-0.316666,H
Soft,15,9,-0.541404,-0.22591,-0.451312,H
Soft,15,10,-0.573076,-0.306871,-0.614458,H
Soft,15,11,-0.72022,-0.487482,-0.977164,H
Soft,16,2,-0.286986,-0.034486,-0.07077,H
Soft,16,3,-0.246454,-0.003841,-0.00528,H
Soft,16,4,-0.205808,0.030106,0.055766,D
Soft,16,5,-0.166402,0.062959,0.124116,D
Soft,16,6,-0.121308,0.094706,0.19642,D
Soft,16,7,-0.47542,-0.091586,-0.182978,H
Soft,16,8,-0.509094,-0.156284,-0.309766,H
Soft,16,9,-0.543438,-0.227849,-0.45513,H
Soft,16,10,-0.57554,-0.306839,-0.61459,H
Soft,16,11,-0.721266,-0.486807,-0.976716,H
Soft,17,2,-0.157826,-0.005669,-0.010656,H
Soft,17,3,-0.120271,0.026981,0.057168,D
Soft,17,4,-0.084916,0.05758,0.115462,D
Soft,17,5,-0.047232,0.0905,0.182182,D
Soft,17,6,-0.006791,0.123333,0.245194,D
Soft,17,7,-0.105908,-0.006164,-0.014504,H
Soft,17,8,-0.380669,-0.1244,-0.251614,H
Soft,17,9,-0.421816,-0.199993,-0.399316,H
Soft,17,10,-0.463426,-0.2828,-0.564166,H
Soft,17,11,-0.664586,-0.473945,-0.948796,H
Soft,18,2,0.109849,0.057138,0.115194,D
Soft,18,3,0.139139,0.086098,0.173238,D
Soft,18,4,0.164678,0.116572,0.2372,D
Soft,18,5,0.19342,0.144571,0.290426,D
Soft,18,6,0.222616,0.176575,0.35529,D
Soft,18,7,0.400181,0.107992,0.217878,S
Soft,18,8,0.104966,-0.015844,-0.031076,S
Soft,18,9,-0.182112,-0.14371,-0.290734,H
Soft,18,10,-0.240057,-0.22895,-0.456942,H
Soft,18,11,-0.461945,-0.426418,-0.856264,H
Soft,19,2,0.378187,0.119664,0.237588,S
Soft,19,3,0.395905,0.145951,0.293218,S
Soft,19,4,0.416162,0.173672,0.349242,S
Soft,19,5,0.43618,0.204707,0.40304,S
Soft,19,6,0.452843,0.228826,0.459234,D
Soft,19,7,0.616933,0.160368,0.318314,S
Soft,19,8,0.592884,0.097002,0.195434,S
Soft,19,9,0.287333,-0.037134,-0.06998,S
Soft,19,10,-0.017116,-0.179843,-0.359324,S
Soft,19,11,-0.1769,-0.360409,-0.721252,S
Soft,20,2,0.634599,0.178292,0.35603,S
Soft,20,3,0.645985,0.20487,0.406014,S
Soft,20,4,0.656298,0.231117,0.460938,S
Soft,20,5,0.667857,0.255718,0.514422,S
Soft,20,6,0.677811,0.283008,0.561124,S
Soft,20,7,0.772637,0.195495,0.389672,S
Soft,20,8,0.790426,0.144408,0.28372,S
Soft,20,9,0.757877,0.0712,0.141274,S
Soft,20,10,0.434817,-0.074804,-0.149946,S
Soft,20,11,0.109124,-0.29541,-0.590436,S
Soft,21,2,0.879788,0.180791,0.359458,S
Soft,21,3,0.883564,0.20036,0.405642,S
Soft,21,4,0.886928,0.221713,0.445294,S
Soft,21,5,0.89096,0.244339,0.485238,S
Soft,21,6,0.894152,0.264526,0.531052,S
Soft,21,7,0.926023,0.191088,0.380318,S
Soft,21,8,0.930454,0.137157,0.27536,S
Soft,21,9,0.939391,0.078416,0.156272,S
Soft,21,10,0.888883,-0.002403,-0.010732,S
Soft,21,11,0.626773,-0.19886,-0.39224,S
